Unidad de Negocio,Código TS,Código Usuario,Sentido,FREC_PUNTA,FREC_VALLE,INDICE_PUNTA_VALLE,CAP_POR_BUS_PUNTA,TIPO_ZONA
9,930c,F10c,Ida,5.291666666666667,0.1111111111111111,47.62500000000001,90.0,Periférica
13,1329c,429c,Ida,5.125,0.13333333333333333,38.4375,90.0,Periférica
11,1122c,B12c,Ret,5.208333333333334,0.2222222222222222,23.437500000000004,90.0,Periférica
9,945e,F25e,Ret,4.25,0.2222222222222222,19.125,90.0,Periférica
12,1237c,117c,Ida,4.708333333333333,0.26666666666666666,17.65625,90.0,Central
9,932c,F12c,Ida,3.791666666666667,0.2222222222222222,17.062500000000004,90.0,Periférica
13,1301c,401c,Ida,1.4583333333333333,0.1111111111111111,13.125,90.00000000000001,Periférica
13,1301c,401c,Ret,1.4583333333333333,0.1111111111111111,13.125,90.00000000000001,Periférica
5,507c,507c,Ret,6.166666666666667,0.5333333333333333,11.5625,81.0,Periférica
5,507c,507c,Ida,6.333333333333333,0.5555555555555556,11.399999999999999,81.0,Periférica
15,1506e,506e,Ret,4.541666666666666,0.44444444444444436,10.21875,90.0,Periférica
11,1122c,B12c,Ida,4.791666666666667,0.5333333333333333,8.984375,90.0,Periférica
13,1329c,429c,Ret,3.7083333333333335,0.44444444444444436,8.343750000000002,89.99999999999999,Periférica
12,1236c,406c,Ida,5.833333333333333,0.7333333333333334,7.954545454545453,150.0,Central
12,1235c,405c,Ret,6.125,0.7999999999999999,7.656250000000001,90.0,Central
9,932c,F12c,Ret,4.25,0.5555555555555557,7.649999999999998,90.0,Periférica
13,1340e,C30e,Ida,7.041666666666666,1.2222222222222223,5.761363636363636,150.0,Periférica
13,1340e,C30e,Ret,6.875,1.2222222222222223,5.624999999999999,150.0,Periférica
11,1110e,C10e,Ida,10.083333333333332,1.9333333333333333,5.21551724137931,90.00000000000001,Periférica
11,1110e,C10e,Ret,9.5,1.9333333333333333,4.913793103448276,90.00000000000003,Periférica
10,1011c,421c,Ida,3.1666666666666665,0.6666666666666666,4.75,90.00000000000001,Periférica
3,313enc,313enc,Ret,0.8333333333333334,0.2222222222222222,3.7500000000000004,0.0,Semi-Central
12,1245c,445c,Ret,2.875,0.7999999999999999,3.5937500000000004,0.0,Central
19,1945,245,Ida,9.541666666666666,4.0,2.3854166666666665,90.0,Periférica
3,370,B45,Ida,10.25,4.555555555555556,2.2499999999999996,92.6875,Semi-Central
3,308c,308c,Ida,8.875,4.0,2.21875,90.5,Semi-Central
4,437,G37,Ret,1.0,0.4666666666666666,2.1428571428571432,91.0,Periférica
5,582,J22,Ret,1.0,0.4666666666666666,2.1428571428571432,81.0,Periférica
3,370,B45,Ret,9.916666666666666,4.955555555555556,2.0011210762331837,92.6875,Semi-Central
9,933,B33,Ida,9.625,4.955555555555556,1.9422645739910314,90.0,Periférica
18,1808c,208c,Ida,11.291666666666666,6.0,1.8819444444444444,90.00000000000001,Periférica
2,282,282,Ret,0.875,0.4666666666666666,1.8750000000000002,92.00000000000001,Central
18,1803c,203c,Ida,8.291666666666668,4.466666666666667,1.8563432835820897,89.99999999999997,Periférica
4,437,G37,Ida,0.875,0.48888888888888893,1.789772727272727,91.0,Periférica
18,1841c,301c,Ret,10.5,6.0,1.75,90.0,Periférica
3,381,I11,Ida,10.416666666666668,6.0,1.7361111111111114,90.0,Semi-Central
4,476,G16,Ret,9.041666666666666,5.222222222222222,1.731382978723404,76.0,Periférica
13,1344,444,Ret,5.25,3.0444444444444443,1.7244525547445257,90.0,Periférica
3,307c,307c,Ret,8.916666666666668,5.2,1.7147435897435899,91.52941176470587,Semi-Central
3,381,I11,Ret,10.5,6.133333333333333,1.7119565217391306,90.0,Semi-Central
11,1132,C22,Ida,5.333333333333333,3.155555555555555,1.6901408450704227,90.0,Periférica
3,307c,307c,Ida,8.541666666666668,5.066666666666666,1.6858552631578951,91.23529411764706,Semi-Central
11,1132,C22,Ret,5.333333333333333,3.1777777777777776,1.6783216783216783,90.0,Periférica
5,550c,110c,Ida,6.916666666666667,4.133333333333334,1.6733870967741935,81.0,Periférica
19,1901e,201e,Ida,9.833333333333332,5.888888888888889,1.6698113207547167,90.00000000000003,Periférica
3,315e,315e,Ida,11.791666666666666,7.066666666666666,1.6686320754716981,92.58333333333333,Semi-Central
8,813,B13,Ida,10.0,6.0,1.6666666666666667,90.00000000000001,Periférica
5,550c,110c,Ret,7.166666666666667,4.3999999999999995,1.6287878787878791,81.0,Periférica
4,465,G05,Ida,9.0,5.577777777777778,1.6135458167330676,99.0,Periférica
14,1415,405,Ida,8.541666666666666,5.3999999999999995,1.5817901234567902,150.0,Periférica
15,1541,E11,Ida,9.083333333333332,5.8,1.5660919540229883,90.00000000000003,Periférica
13,1344,444,Ida,4.708333333333333,3.0444444444444443,1.5465328467153285,90.0,Periférica
5,532,J12,Ida,6.25,4.044444444444444,1.5453296703296704,81.0,Periférica
3,315e,315e,Ret,10.958333333333334,7.111111111111112,1.541015625,91.80952380952381,Semi-Central
8,818e,B18e,Ida,5.208333333333333,3.4,1.531862745098039,90.0,Periférica
5,535c,J15c,Ida,6.125,4.0,1.53125,81.0,Periférica
11,1102c,C02c,Ret,12.25,8.0,1.53125,90.00000000000001,Periférica
5,524,J04,Ret,8.125,5.311111111111111,1.5298117154811717,81.0,Periférica
19,1901e,201e,Ret,9.833333333333334,6.444444444444444,1.5258620689655176,89.99999999999997,Periférica
5,532,J12,Ret,6.541666666666667,4.288888888888889,1.525259067357513,81.0,Periférica
13,1330,430,Ida,9.416666666666666,6.266666666666667,1.502659574468085,150.0,Periférica
2,232,G02,Ida,6.0,4.0,1.5,92.0,Central
5,535c,J15c,Ret,6.0,4.0,1.5,81.0,Periférica
9,923c,F03c,Ida,4.541666666666666,3.0444444444444443,1.491788321167883,60.0,Periférica
15,1541,E11,Ret,8.833333333333332,5.933333333333334,1.48876404494382,90.00000000000003,Periférica
3,303,303,Ida,8.416666666666668,5.666666666666667,1.4852941176470589,98.0,Semi-Central
9,953,F33,Ida,7.249999999999999,4.955555555555556,1.4630044843049326,90.00000000000003,Periférica
10,1057,F27,Ida,9.166666666666666,6.266666666666667,1.4627659574468084,60.000000000000014,Periférica
2,284,G24,Ida,6.791666666666666,4.644444444444444,1.4623205741626795,101.0,Central
19,1972,272,Ida,7.083333333333333,4.844444444444445,1.462155963302752,90.0,Periférica
4,465,G05,Ret,8.333333333333334,5.711111111111111,1.4591439688715955,99.0,Periférica
5,506,506,Ida,8.708333333333332,5.977777777777777,1.4567843866171004,141.0,Periférica
18,1816,216,Ida,10.625,7.31111111111111,1.4532674772036476,150.00000000000003,Periférica
4,464,G04,Ret,12.291666666666666,8.511111111111111,1.4441906005221932,97.90476190476191,Periférica
4,473,G13,Ret,12.083333333333332,8.377777777777778,1.442307692307692,99.0,Periférica
3,317,I25,Ida,7.333333333333333,5.0888888888888895,1.4410480349344976,90.0,Semi-Central
2,232,G02,Ret,6.083333333333334,4.222222222222222,1.4407894736842106,91.99999999999999,Central
11,1117,C17,Ida,2.875,2.0,1.4375,60.00000000000001,Periférica
11,1117,C17,Ret,2.875,2.0,1.4375,60.00000000000001,Periférica
13,1328,428,Ret,8.958333333333332,6.266666666666667,1.4295212765957446,90.0,Periférica
16,1612,E12,Ida,6.958333333333333,4.888888888888889,1.4232954545454544,90.0,Periférica
19,1910,210,Ret,11.541666666666668,8.111111111111112,1.422945205479452,150.0,Periférica
3,303,303,Ret,8.708333333333332,6.133333333333333,1.419836956521739,98.0,Semi-Central
4,473,G13,Ida,11.25,7.933333333333334,1.4180672268907561,99.0,Periférica
9,953,F33,Ret,7.166666666666667,5.066666666666666,1.4144736842105265,90.0,Periférica
18,1823,G23,Ida,6.833333333333334,4.844444444444445,1.4105504587155964,90.0,Periférica
18,1823,G23,Ret,6.833333333333334,4.844444444444445,1.4105504587155964,90.0,Periférica
14,1411,401,Ida,7.624999999999999,5.422222222222222,1.40625,150.00000000000003,Periférica
19,1905,205,Ida,6.875,4.955555555555556,1.3873318385650224,150.0,Periférica
11,1102c,C02c,Ida,10.958333333333332,7.911111111111111,1.3851825842696628,90.0,Periférica
18,1841c,301c,Ida,8.291666666666668,6.0,1.3819444444444446,90.0,Periférica
15,1534,E04,Ida,5.708333333333333,4.133333333333334,1.381048387096774,90.0,Periférica
5,521,J01,Ret,8.958333333333334,6.48888888888889,1.3805650684931505,81.0,Periférica
5,523,J03,Ida,5.5,4.0,1.375,81.0,Periférica
14,1421,421,Ida,7.291666666666667,5.311111111111111,1.372907949790795,150.0,Periférica
18,1808,208,Ida,11.125,8.111111111111112,1.3715753424657533,150.0,Periférica
16,1633,E03,Ida,6.958333333333333,5.0888888888888895,1.3673580786026198,90.0,Periférica
5,556,406,Ret,9.625,7.044444444444444,1.3663249211356467,141.0,Periférica
8,805,105,Ida,8.333333333333332,6.111111111111111,1.3636363636363635,150.0,Periférica
8,805,105,Ret,8.333333333333332,6.111111111111111,1.3636363636363635,150.0,Periférica
3,319,119,Ida,8.166666666666668,6.0,1.3611111111111114,98.0,Semi-Central
19,1905,205,Ret,6.875,5.066666666666666,1.3569078947368423,150.0,Periférica
5,501,501,Ret,10.666666666666666,7.866666666666667,1.3559322033898304,81.0,Periférica
5,558,118,Ida,6.958333333333334,5.177777777777777,1.343884120171674,91.99999999999999,Periférica
5,558,118,Ret,6.958333333333334,5.177777777777777,1.343884120171674,91.99999999999999,Periférica
18,1816,216,Ret,10.291666666666666,7.666666666666667,1.342391304347826,150.0,Periférica
4,485,I35,Ret,10.958333333333334,8.177777777777777,1.340013586956522,76.0,Periférica
5,506,506,Ret,8.333333333333332,6.222222222222221,1.3392857142857142,141.0,Periférica
5,508,508,Ret,9.0,6.733333333333333,1.3366336633663367,140.78947368421052,Periférica
5,516,516,Ret,11.875,8.88888888888889,1.3359375,81.0,Periférica
8,818e,B18e,Ret,5.041666666666667,3.7777777777777772,1.3345588235294121,90.0,Periférica
4,440,G22,Ida,11.208333333333334,8.4,1.3343253968253967,90.99999999999999,Periférica
4,440,G22,Ret,11.208333333333334,8.4,1.3343253968253967,90.99999999999999,Periférica
4,483,223,Ida,7.708333333333333,5.777777777777778,1.3341346153846154,99.0,Periférica
18,1847,H07,Ret,5.0,3.755555555555556,1.331360946745562,90.0,Periférica
4,483,223,Ret,7.666666666666667,5.777777777777778,1.326923076923077,99.0,Periférica
5,507,507,Ret,8.666666666666668,6.533333333333334,1.3265306122448979,81.0,Periférica
19,1910,210,Ida,10.75,8.111111111111112,1.3253424657534245,150.00000000000003,Periférica
18,1803,203,Ret,7.125,5.377777777777777,1.324896694214876,150.0,Periférica
4,476,G16,Ida,7.375,5.577777777777778,1.3222111553784859,76.0,Periférica
13,1330,430,Ret,8.458333333333332,6.3999999999999995,1.3216145833333333,150.0,Periférica
16,1635,E05,Ida,6.041666666666666,4.577777777777778,1.319781553398058,60.0,Periférica
5,521,J01,Ida,8.75,6.644444444444443,1.3168896321070236,81.0,Periférica
15,1539,E09,Ida,7.125,5.422222222222222,1.314036885245902,90.0,Periférica
5,507,507,Ida,8.583333333333332,6.533333333333334,1.3137755102040813,81.0,Periférica
8,816,B16,Ret,7.125,5.4444444444444455,1.3086734693877549,90.0,Periférica
3,308,308,Ida,7.375,5.644444444444443,1.3065944881889766,93.0,Semi-Central
5,555,555,Ida,6.291666666666667,4.822222222222223,1.3047235023041475,111.0,Periférica
16,1634,234,Ret,5.5,4.222222222222222,1.3026315789473684,150.0,Periférica
13,1328,428,Ida,7.958333333333333,6.133333333333333,1.297554347826087,90.0,Periférica
12,1226,D26,Ida,3.833333333333333,2.9555555555555557,1.2969924812030074,90.0,Central
16,1637,E07,Ret,5.791666666666667,4.466666666666667,1.296641791044776,90.0,Periférica
16,1622,322,Ida,6.25,4.822222222222222,1.2960829493087558,60.0,Periférica
2,244,G14,Ida,6.125,4.733333333333333,1.2940140845070423,92.0,Central
2,244,G14,Ret,6.125,4.733333333333333,1.2940140845070423,92.0,Central
13,1325,425,Ida,10.041666666666666,7.777777777777778,1.2910714285714284,90.00000000000001,Periférica
14,1451,481,Ret,6.25,4.844444444444445,1.290137614678899,90.0,Periférica
13,1325,425,Ret,10.166666666666666,7.888888888888889,1.288732394366197,90.0,Periférica
8,841,410,Ret,7.5,5.822222222222222,1.2881679389312977,150.0,Periférica
5,556,406,Ida,10.0,7.777777777777778,1.2857142857142858,141.0,Periférica
12,1231,411,Ida,7.0,5.4444444444444455,1.2857142857142854,94.28571428571428,Central
18,1821,321,Ida,4.708333333333334,3.6666666666666665,1.2840909090909094,59.99999999999999,Periférica
5,524,J04,Ida,6.958333333333333,5.422222222222222,1.283299180327869,81.0,Periférica
5,540,J20,Ida,5.291666666666667,4.133333333333334,1.280241935483871,81.0,Periférica
3,378,I08,Ret,14.333333333333332,11.200000000000001,1.2797619047619044,98.0,Semi-Central
14,1408,108,Ida,6.791666666666667,5.311111111111111,1.2787656903765692,90.0,Periférica
5,501,501,Ida,10.166666666666666,7.955555555555556,1.2779329608938546,81.0,Periférica
5,518,518,Ret,7.75,6.066666666666666,1.2774725274725276,81.0,Periférica
3,320,121,Ret,6.75,5.288888888888889,1.2762605042016808,98.0,Semi-Central
16,1609,209,Ret,7.083333333333333,5.555555555555556,1.2749999999999997,150.0,Periférica
19,1914,214,Ida,6.791666666666667,5.333333333333333,1.2734375000000002,90.0,Periférica
19,1914,214,Ret,6.791666666666667,5.333333333333333,1.2734375000000002,90.0,Periférica
3,372,I02,Ret,5.375,4.222222222222222,1.2730263157894737,93.0,Semi-Central
4,488,G08,Ida,7.208333333333333,5.666666666666667,1.2720588235294117,91.0,Periférica
4,433,233,Ida,6.416666666666666,5.044444444444444,1.2720264317180616,76.00000000000001,Periférica
5,555,555,Ret,6.125,4.822222222222223,1.2701612903225805,111.0,Periférica
15,1544,E14,Ret,5.25,4.133333333333334,1.2701612903225805,90.0,Periférica
15,1539,E09,Ret,6.875,5.422222222222222,1.2679303278688525,90.0,Periférica
5,531,J11,Ida,3.291666666666667,2.6,1.2660256410256412,46.99999999999999,Periférica
5,531,J11,Ret,3.2916666666666665,2.6,1.266025641025641,47.0,Periférica
3,307,307,Ida,9.0,7.111111111111111,1.265625,93.0,Semi-Central
3,304,B42,Ida,5.666666666666667,4.48888888888889,1.2623762376237622,90.91666666666667,Semi-Central
14,1457,E17,Ret,5.041666666666667,4.0,1.2604166666666667,90.0,Periférica
13,1335,435,Ida,6.833333333333334,5.422222222222222,1.2602459016393446,89.99999999999997,Periférica
15,1534,E04,Ret,5.208333333333333,4.133333333333334,1.26008064516129,90.0,Periférica
16,1603,503,Ret,10.5,8.333333333333334,1.26,90.00000000000003,Periférica
18,1844,244,Ida,3.833333333333333,3.0444444444444443,1.2591240875912408,90.0,Periférica
5,518,518,Ida,7.625,6.066666666666666,1.2568681318681318,89.35294117647058,Periférica
4,471,G11,Ida,7.708333333333333,6.133333333333333,1.2567934782608696,91.0,Periférica
4,469,G09,Ida,6.5,5.177777777777777,1.255364806866953,99.0,Periférica
16,1603,503,Ida,10.208333333333332,8.133333333333333,1.255122950819672,90.00000000000001,Periférica
18,1847,H07,Ida,5.041666666666667,4.022222222222222,1.2534530386740332,90.0,Periférica
16,1618,E18,Ret,5.291666666666667,4.222222222222222,1.2532894736842106,90.0,Periférica
4,464,G04,Ida,10.625,8.488888888888889,1.2516361256544501,99.0,Periférica
16,1619,J19,Ida,5.416666666666666,4.333333333333333,1.25,90.0,Periférica
19,1926,226,Ret,7.458333333333333,5.977777777777778,1.2476765799256504,90.0,Periférica
18,1836,306,Ida,7.208333333333333,5.777777777777778,1.2475961538461537,90.0,Periférica
2,211,211,Ida,6.791666666666666,5.444444444444444,1.2474489795918369,92.0,Central
8,809,B09,Ida,3.791666666666667,3.0444444444444443,1.2454379562043798,60.0,Periférica
15,1505,505,Ret,9.125,7.333333333333333,1.2443181818181819,150.0,Periférica
5,525,J05,Ida,5.583333333333333,4.48888888888889,1.2438118811881185,81.0,Periférica
5,533c,J13c,Ret,6.25,5.044444444444444,1.2389867841409692,81.0,Periférica
5,516,516,Ida,11.083333333333332,8.955555555555556,1.237593052109181,81.0,Periférica
14,1421,421,Ret,6.541666666666666,5.288888888888889,1.2368697478991595,150.0,Periférica
18,1836,306,Ret,7.416666666666667,6.0,1.2361111111111112,90.0,Periférica
11,1128,C28,Ida,7.416666666666666,6.0,1.236111111111111,90.0,Periférica
19,1941,B41,Ida,5.833333333333333,4.733333333333333,1.232394366197183,90.0,Periférica
18,1821,321,Ret,4.791666666666667,3.8888888888888893,1.232142857142857,60.0,Periférica
16,1637,E07,Ida,5.666666666666666,4.6000000000000005,1.2318840579710142,90.0,Periférica
16,1609,209,Ida,6.833333333333333,5.5555555555555545,1.2300000000000002,150.0,Periférica
13,1302,402,Ida,6.083333333333333,4.955555555555556,1.2275784753363228,90.0,Periférica
5,519,519,Ida,6.375,5.2,1.2259615384615383,101.0,Periférica
2,282,282,Ida,0.7083333333333333,0.5777777777777778,1.225961538461538,92.00000000000001,Central
5,582,J22,Ida,0.7083333333333333,0.5777777777777778,1.225961538461538,81.0,Periférica
3,320,121,Ida,6.208333333333333,5.066666666666666,1.225328947368421,98.0,Semi-Central
11,1113,C13,Ida,5.333333333333333,4.355555555555556,1.2244897959183672,60.0,Periférica
5,508,508,Ida,8.666666666666666,7.088888888888889,1.2225705329153604,99.6842105263158,Periférica
3,378,I08,Ida,13.25,10.844444444444443,1.2218237704918034,98.0,Semi-Central
8,829,B29,Ida,5.916666666666666,4.844444444444445,1.2213302752293576,90.0,Periférica
4,411c,211c,Ida,11.333333333333334,9.28888888888889,1.2200956937799043,91.0,Periférica
4,411c,211c,Ret,11.333333333333334,9.28888888888889,1.2200956937799043,91.0,Periférica
19,1926,226,Ida,7.291666666666667,5.977777777777778,1.2197955390334574,90.0,Periférica
8,807,B07,Ida,6.041666666666666,4.955555555555556,1.2191704035874438,90.0,Periférica
4,480,228,Ret,9.75,8.0,1.21875,91.00000000000001,Periférica
14,1456,I26,Ida,4.875,4.0,1.21875,90.0,Periférica
14,1408,108,Ret,6.791666666666667,5.577777777777778,1.217629482071713,90.0,Periférica
5,506v,506v,Ida,7.25,5.955555555555556,1.2173507462686566,81.0,Periférica
14,1420,320,Ret,5.0,4.111111111111111,1.2162162162162162,60.0,Periférica
16,1633,E03,Ret,6.458333333333333,5.311111111111111,1.2160041841004183,90.0,Periférica
18,1829,229,Ret,6.458333333333333,5.311111111111111,1.2160041841004183,90.0,Periférica
16,1618,E18,Ida,5.291666666666667,4.355555555555556,1.214923469387755,90.0,Periférica
9,929,F09,Ret,6.125,5.044444444444444,1.2142070484581498,90.0,Periférica
3,333,H03,Ida,5.125,4.222222222222222,1.2138157894736843,93.0,Semi-Central
3,333,H03,Ret,5.125,4.222222222222222,1.2138157894736843,93.0,Semi-Central
4,488,G08,Ret,6.875,5.666666666666667,1.213235294117647,91.0,Periférica
5,519,519,Ret,6.625,5.466666666666666,1.2118902439024393,108.6923076923077,Periférica
16,1602,302,Ret,6.375,5.266666666666667,1.2104430379746836,90.0,Periférica
15,1510,110,Ret,5.916666666666666,4.888888888888889,1.2102272727272725,150.0,Periférica
12,1237,117,Ret,6.666666666666667,5.51111111111111,1.209677419354839,90.0,Central
4,470,G35,Ida,5.833333333333334,4.822222222222223,1.2096774193548387,76.0,Periférica
14,1401,101,Ida,5.0,4.133333333333334,1.2096774193548385,90.0,Periférica
3,375,I05,Ret,4.833333333333333,4.0,1.2083333333333333,93.0,Semi-Central
4,475,G15,Ida,7.25,6.0,1.2083333333333333,91.00000000000001,Periférica
10,1044,F14,Ret,7.25,6.0,1.2083333333333333,59.99999999999999,Periférica
16,1628,G28,Ida,6.25,5.177777777777778,1.2070815450643777,90.0,Periférica
5,504,504,Ida,6.875,5.711111111111111,1.203793774319066,81.0,Periférica
4,480,228,Ida,9.625,8.0,1.203125,91.00000000000001,Periférica
2,276,G46,Ida,1.4166666666666665,1.1777777777777778,1.2028301886792452,101.0,Central
3,369,I22,Ret,5.958333333333333,4.955555555555556,1.202354260089686,98.0,Semi-Central
3,314,314,Ida,6.25,5.2,1.2019230769230769,93.0,Semi-Central
3,319,119,Ret,8.0,6.666666666666667,1.2,98.0,Semi-Central
11,1111,C11,Ida,7.458333333333333,6.222222222222222,1.1986607142857142,90.0,Periférica
4,436,286,Ida,6.041666666666667,5.044444444444444,1.1976872246696035,99.0,Periférica
18,1803,203,Ida,7.166666666666667,6.0,1.1944444444444444,150.0,Periférica
4,436,286,Ret,6.5,5.4444444444444455,1.1938775510204078,99.0,Periférica
8,824,B24,Ida,5.25,4.3999999999999995,1.1931818181818183,90.0,Periférica
19,1930,230,Ida,5.458333333333333,4.577777777777778,1.1923543689320386,90.0,Periférica
18,1848,H08,Ret,5.083333333333334,4.266666666666667,1.1914062500000002,90.0,Periférica
18,1871,271,Ret,6.083333333333333,5.111111111111111,1.190217391304348,90.0,Periférica
15,1544,E14,Ida,4.916666666666667,4.133333333333334,1.189516129032258,90.0,Periférica
19,1954,H24,Ret,4.916666666666667,4.133333333333334,1.189516129032258,60.0,Periférica
10,1021,C01,Ida,8.375,7.044444444444444,1.1888801261829653,90.0,Periférica
4,459,G39,Ida,5.875,4.955555555555556,1.1855381165919283,99.0,Periférica
2,211,211,Ret,6.583333333333334,5.5555555555555545,1.1850000000000003,92.0,Central
13,1335,435,Ret,5.791666666666667,4.888888888888889,1.1846590909090908,90.0,Periférica
10,1056,F26,Ida,5.708333333333334,4.822222222222223,1.1837557603686635,90.0,Periférica
15,1531,E01,Ida,5.416666666666666,4.5777777777777775,1.183252427184466,90.0,Periférica
15,1532,E02,Ret,5.625,4.7555555555555555,1.1828271028037383,90.0,Periférica
4,475,G15,Ret,7.25,6.133333333333333,1.1820652173913044,91.00000000000001,Periférica
8,801,B01,Ida,5.041666666666667,4.266666666666667,1.181640625,90.0,Periférica
3,372,I02,Ida,5.25,4.444444444444445,1.18125,93.0,Semi-Central
15,1568,J18,Ida,7.291666666666667,6.177777777777777,1.1803057553956837,90.0,Periférica
14,1401,101,Ret,4.875,4.133333333333334,1.1794354838709675,90.0,Periférica
16,1623,323,Ida,5.833333333333333,4.955555555555556,1.1771300448430493,60.0,Periférica
4,487,G07,Ida,4.708333333333333,4.0,1.1770833333333333,91.0,Periférica
4,487,G07,Ret,4.708333333333333,4.0,1.1770833333333333,91.0,Periférica
4,479,G27,Ida,4.708333333333333,4.0,1.1770833333333333,91.0,Periférica
14,1457,E17,Ida,4.708333333333333,4.0,1.1770833333333333,90.0,Periférica
3,380,I10,Ida,7.75,6.6000000000000005,1.174242424242424,97.99999999999999,Semi-Central
8,808,B08,Ret,5.916666666666667,5.044444444444444,1.1729074889867843,60.0,Periférica
9,938,F18,Ida,6.333333333333334,5.3999999999999995,1.1728395061728398,90.0,Periférica
5,572,422,Ida,6.541666666666666,5.577777777777778,1.1728087649402388,81.0,Periférica
12,1237,117,Ida,6.458333333333334,5.51111111111111,1.1718750000000002,90.0,Central
4,485,I35,Ida,10.0,8.533333333333333,1.171875,76.0,Periférica
14,1411,401,Ret,6.916666666666666,5.911111111111111,1.170112781954887,150.0,Periférica
10,1040,F10,Ret,7.875,6.733333333333333,1.1695544554455446,90.0,Periférica
13,1318,418,Ida,5.791666666666666,4.955555555555556,1.1687219730941703,90.0,Periférica
15,1508,408,Ida,8.125,6.955555555555556,1.1681309904153354,150.00000000000003,Periférica
15,1538,E08,Ret,4.666666666666667,4.0,1.1666666666666667,90.0,Periférica
15,1535,C25,Ida,4.666666666666667,4.0,1.1666666666666667,90.0,Periférica
15,1535,C25,Ret,4.666666666666667,4.0,1.1666666666666667,90.0,Periférica
16,1634,234,Ida,5.75,4.933333333333334,1.1655405405405406,150.0,Periférica
8,816,B16,Ida,6.5,5.577777777777778,1.1653386454183265,90.0,Periférica
19,1954,H24,Ida,4.916666666666667,4.222222222222222,1.1644736842105263,60.0,Periférica
13,1318,418,Ret,5.666666666666667,4.866666666666666,1.1643835616438358,90.0,Periférica
15,1505,505,Ida,8.5,7.333333333333333,1.1590909090909092,150.00000000000003,Periférica
8,841,410,Ida,7.333333333333334,6.333333333333333,1.1578947368421053,150.0,Periférica
11,1142,B22,Ret,5.583333333333333,4.822222222222223,1.1578341013824882,60.0,Periférica
16,1613,E13,Ida,5.583333333333333,4.822222222222223,1.1578341013824882,90.0,Periférica
5,557,407,Ida,8.875,7.666666666666667,1.1576086956521738,81.0,Periférica
11,1119,C19,Ida,6.083333333333334,5.266666666666667,1.1550632911392407,90.0,Periférica
8,828,B28,Ida,4.875,4.222222222222222,1.1546052631578947,90.0,Periférica
10,1044,F14,Ida,6.916666666666666,6.0,1.1527777777777777,60.00000000000001,Periférica
11,1114,C14,Ida,10.291666666666668,8.933333333333334,1.1520522388059702,149.99999999999997,Periférica
14,1466,126,Ida,5.708333333333333,4.955555555555556,1.1519058295964124,90.0,Periférica
5,502,502,Ret,8.291666666666668,7.2,1.1516203703703705,95.19999999999999,Periférica
18,1841,301,Ida,13.916666666666668,12.111111111111109,1.1490825688073398,90.0,Periférica
16,1602,302,Ida,6.0,5.222222222222222,1.1489361702127658,90.0,Periférica
9,929,F09,Ida,5.791666666666666,5.044444444444444,1.1481277533039647,90.0,Periférica
2,238e,G08v,Ida,6.25,5.444444444444444,1.1479591836734695,50.00000000000001,Central
5,504,504,Ret,6.5,5.666666666666667,1.1470588235294117,81.0,Periférica
16,1645,225,Ida,6.5,5.666666666666667,1.1470588235294117,90.0,Periférica
11,1106,C06,Ida,6.625,5.777777777777778,1.1466346153846154,90.0,Periférica
19,1910v,210v,Ret,5.833333333333333,5.0888888888888895,1.1462882096069866,90.0,Periférica
11,1128,C28,Ret,6.875,6.0,1.1458333333333333,90.0,Periférica
4,478,G18,Ret,5.541666666666667,4.844444444444445,1.1439220183486238,76.0,Periférica
18,1841,301,Ret,12.833333333333336,11.222222222222223,1.1435643564356437,89.99999999999999,Periférica
16,1635,E05,Ret,5.791666666666667,5.066666666666666,1.143092105263158,60.0,Periférica
12,1210,D10,Ret,5.0,4.377777777777777,1.1421319796954317,90.0,Central
12,1221c,C01c,Ida,9.125,8.0,1.140625,90.0,Central
18,1871,271,Ida,6.083333333333333,5.333333333333333,1.140625,90.0,Periférica
15,1517,517,Ida,4.708333333333333,4.133333333333334,1.1391129032258063,90.0,Periférica
15,1508,408,Ret,7.541666666666666,6.622222222222223,1.1388422818791946,150.0,Periférica
15,1532,E02,Ida,5.666666666666667,4.977777777777777,1.1383928571428574,90.0,Periférica
11,1105,C05,Ret,6.375,5.6000000000000005,1.138392857142857,90.0,Periférica
5,528,J08,Ret,5.208333333333333,4.577777777777778,1.1377427184466018,81.0,Periférica
10,1022,C02,Ida,7.25,6.377777777777777,1.1367595818815333,90.0,Periférica
15,1538,E08,Ida,4.541666666666667,4.0,1.1354166666666667,90.0,Periférica
18,1845,345,Ida,4.916666666666667,4.333333333333333,1.1346153846153848,90.0,Periférica
3,380,I10,Ret,7.75,6.844444444444445,1.1323051948051948,98.0,Semi-Central
16,1619,J19,Ret,5.458333333333334,4.822222222222223,1.1319124423963134,90.0,Periférica
11,1147,B27,Ida,5.708333333333333,5.044444444444444,1.1316079295154184,90.0,Periférica
11,1147,B27,Ret,5.708333333333333,5.044444444444444,1.1316079295154184,90.0,Periférica
12,1214,D14,Ida,5.708333333333333,5.044444444444444,1.1316079295154184,90.0,Central
5,572,422,Ret,6.583333333333333,5.822222222222222,1.1307251908396947,81.0,Periférica
4,434,G34,Ida,3.8333333333333335,3.4,1.1274509803921569,91.0,Periférica
5,533,J13,Ret,5.333333333333333,4.733333333333333,1.1267605633802815,81.0,Periférica
11,1126,B06,Ret,5.583333333333333,4.955555555555556,1.1266816143497758,90.0,Periférica
14,1451,481,Ida,5.583333333333334,4.955555555555556,1.1266816143497758,90.0,Periférica
10,1004,104,Ida,11.416666666666668,10.133333333333333,1.1266447368421055,150.0,Periférica
8,808,B08,Ida,5.833333333333333,5.177777777777777,1.1266094420600858,60.0,Periférica
9,938,F18,Ret,6.083333333333333,5.3999999999999995,1.1265432098765433,90.0,Periférica
8,820,B20,Ida,5.0,4.444444444444444,1.1250000000000002,90.0,Periférica
16,1638,F28,Ida,4.75,4.222222222222222,1.125,90.0,Periférica
18,1845,345,Ret,4.75,4.222222222222222,1.125,90.0,Periférica
11,1142,B22,Ida,5.416666666666666,4.822222222222223,1.1232718894009215,60.0,Periférica
3,308,308,Ret,6.875,6.133333333333333,1.1209239130434783,93.0,Semi-Central
10,1040,F10,Ida,7.416666666666667,6.622222222222223,1.11996644295302,90.0,Periférica
18,1812,212,Ret,9.375,8.377777777777778,1.1190318302387268,150.0,Periférica
11,1127,C27,Ida,6.041666666666667,5.3999999999999995,1.1188271604938274,75.0,Periférica
19,1910v,210v,Ida,5.791666666666667,5.177777777777777,1.1185622317596569,90.0,Periférica
3,368,I21,Ida,4.833333333333334,4.333333333333333,1.1153846153846156,53.0,Semi-Central
3,368,I21,Ret,4.833333333333334,4.333333333333333,1.1153846153846156,53.0,Semi-Central
16,1638,F28,Ret,4.708333333333333,4.222222222222222,1.1151315789473684,90.0,Periférica
16,1623,323,Ret,5.625,5.044444444444444,1.1150881057268722,60.0,Periférica
13,1303,403,Ida,7.458333333333333,6.688888888888889,1.115033222591362,90.0,Periférica
5,526,J06,Ret,1.7083333333333333,1.5333333333333332,1.1141304347826086,47.0,Periférica
15,1513,513,Ida,6.666666666666667,6.0,1.1111111111111112,132.0,Periférica
15,1513,513,Ret,6.666666666666667,6.0,1.1111111111111112,126.0,Periférica
3,374,I04,Ret,6.541666666666667,5.888888888888889,1.1108490566037736,93.0,Semi-Central
5,549,109,Ida,6.541666666666667,5.888888888888888,1.1108490566037736,81.0,Periférica
16,1622,322,Ret,5.75,5.177777777777778,1.1105150214592274,60.0,Periférica
16,1615c,E15c,Ret,6.291666666666666,5.666666666666667,1.1102941176470587,90.0,Periférica
5,549,109,Ret,6.583333333333333,5.933333333333334,1.1095505617977528,81.0,Periférica
19,1935,H05,Ida,4.583333333333333,4.133333333333334,1.1088709677419353,90.0,Periférica
19,1935,H05,Ret,4.583333333333333,4.133333333333334,1.1088709677419353,90.0,Periférica
9,964,124,Ret,5.833333333333333,5.266666666666667,1.1075949367088607,90.0,Periférica
11,1125,B05,Ida,5.583333333333333,5.044444444444444,1.106828193832599,90.0,Periférica
11,1125,B05,Ret,5.583333333333333,5.044444444444444,1.106828193832599,90.0,Periférica
12,1202,D02,Ida,5.583333333333333,5.044444444444444,1.106828193832599,90.0,Central
19,1939,H09,Ida,4.416666666666667,4.0,1.1041666666666667,59.99999999999999,Periférica
19,1939,H09,Ret,4.416666666666667,4.0,1.1041666666666667,59.99999999999999,Periférica
3,329,329,Ret,5.458333333333334,4.955555555555556,1.1014573991031391,46.0,Semi-Central
18,1848,H08,Ida,5.083333333333334,4.622222222222223,1.0997596153846154,90.0,Periférica
3,373,I03,Ret,7.5,6.822222222222223,1.0993485342019542,98.0,Semi-Central
15,1517,517,Ret,4.541666666666667,4.133333333333334,1.098790322580645,90.0,Periférica
10,1014,114,Ida,5.541666666666667,5.044444444444444,1.098568281938326,150.0,Periférica
10,1014,114,Ret,5.541666666666666,5.044444444444444,1.098568281938326,150.0,Periférica
3,387,I17,Ida,5.0,4.555555555555556,1.097560975609756,93.0,Semi-Central
11,1106,C06,Ret,6.583333333333333,6.0,1.097222222222222,90.0,Periférica
3,374,I04,Ida,6.166666666666667,5.622222222222223,1.0968379446640315,93.0,Semi-Central
12,1227,107,Ida,8.916666666666666,8.133333333333333,1.096311475409836,150.0,Central
5,557,407,Ret,9.208333333333334,8.4,1.0962301587301588,81.0,Periférica
18,1829,229,Ida,5.958333333333334,5.4444444444444455,1.0943877551020407,90.0,Periférica
11,1126,B06,Ida,5.416666666666666,4.955555555555556,1.0930493273542599,90.0,Periférica
3,383,I13,Ret,5.125,4.688888888888889,1.0930094786729858,93.0,Semi-Central
13,1303,403,Ret,7.333333333333333,6.711111111111111,1.0927152317880795,90.0,Periférica
15,1568,J18,Ret,6.75,6.177777777777777,1.0926258992805757,90.0,Periférica
4,478,G18,Ida,5.291666666666666,4.844444444444445,1.0923165137614677,76.0,Periférica
5,506v,506v,Ret,6.791666666666666,6.222222222222222,1.091517857142857,81.0,Periférica
12,1202,D02,Ret,5.5,5.044444444444444,1.0903083700440528,90.0,Central
18,1833,H13,Ida,5.666666666666666,5.2,1.0897435897435896,90.0,Periférica
10,1021,C01,Ret,7.958333333333333,7.311111111111111,1.0885258358662613,90.0,Periférica
4,438,G38,Ida,6.166666666666667,5.666666666666667,1.088235294117647,90.99999999999999,Periférica
16,1645,225,Ret,6.166666666666667,5.666666666666667,1.088235294117647,90.0,Periférica
2,238e,G08v,Ret,5.916666666666667,5.444444444444444,1.0867346938775513,49.99999999999999,Central
3,369,I22,Ida,5.333333333333333,4.9111111111111105,1.0859728506787332,98.0,Semi-Central
3,329,329,Ida,5.375,4.955555555555556,1.084641255605381,46.0,Semi-Central
3,375,I05,Ida,4.333333333333333,4.0,1.0833333333333333,93.0,Semi-Central
12,1221c,C01c,Ret,8.666666666666666,8.0,1.0833333333333333,90.0,Central
14,1420,320,Ida,4.333333333333333,4.0,1.0833333333333333,60.0,Periférica
12,1209,D09,Ida,6.375,5.888888888888889,1.0825471698113207,90.0,Central
12,1210,D10,Ida,5.458333333333334,5.044444444444444,1.0820484581497798,90.0,Central
19,1901,201,Ida,7.375,6.822222222222223,1.0810260586319218,90.0,Periférica
18,1812,212,Ida,9.041666666666666,8.377777777777778,1.0792440318302385,150.0,Periférica
5,528,J08,Ida,5.083333333333333,4.711111111111111,1.079009433962264,81.0,Periférica
16,1616,E16,Ret,5.583333333333334,5.177777777777777,1.078326180257511,90.0,Periférica
8,810,B10,Ida,4.833333333333334,4.48888888888889,1.0767326732673266,90.0,Periférica
3,310,I24,Ida,4.833333333333333,4.48888888888889,1.0767326732673264,93.0,Semi-Central
3,310,I24,Ret,4.833333333333333,4.48888888888889,1.0767326732673264,93.0,Semi-Central
3,348,348,Ret,5.333333333333334,4.955555555555556,1.0762331838565022,93.0,Semi-Central
10,1024,B14,Ida,5.333333333333333,4.955555555555556,1.0762331838565022,90.0,Periférica
15,1531,E01,Ret,4.916666666666666,4.5777777777777775,1.0740291262135921,90.0,Periférica
10,1033,F03,Ret,5.416666666666667,5.044444444444444,1.0737885462555068,90.0,Periférica
12,1214,D14,Ret,5.416666666666667,5.044444444444444,1.0737885462555068,90.0,Central
5,536,J16,Ida,4.291666666666667,4.0,1.0729166666666667,47.0,Periférica
15,1552,J02,Ida,4.458333333333333,4.155555555555556,1.0728609625668448,60.0,Periférica
3,385,385,Ida,4.875,4.555555555555556,1.070121951219512,98.0,Semi-Central
8,822,722,Ret,6.416666666666666,6.0,1.0694444444444444,90.0,Periférica
9,967,712,Ida,6.416666666666667,6.0,1.0694444444444444,90.0,Periférica
12,1227,107,Ret,8.833333333333334,8.266666666666667,1.0685483870967742,149.99999999999997,Central
10,1059,F29,Ida,5.291666666666666,4.955555555555556,1.0678251121076232,90.0,Periférica
10,1059,F29,Ret,5.291666666666666,4.955555555555556,1.0678251121076232,90.0,Periférica
3,387,I17,Ret,5.0,4.688888888888889,1.066350710900474,93.0,Semi-Central
16,1625,325,Ida,4.5,4.222222222222222,1.0657894736842104,90.0,Periférica
16,1625,325,Ret,4.5,4.222222222222222,1.0657894736842104,90.0,Periférica
11,1115,C15,Ida,6.25,5.866666666666667,1.065340909090909,90.0,Periférica
3,371,I01,Ida,5.75,5.3999999999999995,1.0648148148148149,93.0,Semi-Central
5,533c,J13c,Ida,5.25,4.933333333333334,1.064189189189189,81.0,Periférica
16,1640,E10,Ret,5.083333333333334,4.777777777777778,1.0639534883720931,90.0,Periférica
14,1406,106,Ida,6.166666666666667,5.8,1.0632183908045978,90.0,Periférica
3,385,385,Ret,5.125,4.822222222222223,1.0627880184331795,98.0,Semi-Central
8,837,B37,Ida,2.125,2.0,1.0625,90.0,Periférica
12,1215,D15,Ida,5.5,5.177777777777777,1.0622317596566524,90.0,Central
3,373,I03,Ida,6.958333333333333,6.555555555555556,1.0614406779661016,98.00000000000001,Semi-Central
8,818,B18,Ret,5.0,4.711111111111111,1.0613207547169812,90.0,Periférica
15,1510,110,Ida,5.541666666666666,5.222222222222222,1.0611702127659572,150.0,Periférica
11,1119,C19,Ret,5.583333333333333,5.266666666666667,1.060126582278481,90.0,Periférica
11,1116,C16,Ida,6.5,6.133333333333333,1.0597826086956523,90.0,Periférica
8,817,B17,Ida,4.875,4.6000000000000005,1.059782608695652,60.0,Periférica
5,514,514,Ida,6.333333333333333,5.977777777777777,1.059479553903346,81.0,Periférica
5,510,510,Ida,5.625,5.311111111111111,1.0591004184100419,81.0,Periférica
3,324,125,Ret,5.333333333333333,5.044444444444444,1.0572687224669604,98.0,Semi-Central
3,384,I14,Ida,5.916666666666667,5.6000000000000005,1.056547619047619,98.0,Semi-Central
16,1613,E13,Ret,5.75,5.444444444444444,1.056122448979592,90.0,Periférica
15,1557,J07,Ida,3.75,3.555555555555556,1.0546875,90.0,Periférica
5,502,502,Ida,7.916666666666667,7.51111111111111,1.0539940828402368,111.42857142857143,Periférica
11,1107,C07,Ret,7.625,7.2444444444444445,1.0525306748466257,90.0,Periférica
16,1640,E10,Ida,4.791666666666667,4.555555555555556,1.0518292682926829,90.0,Periférica
3,389,I20,Ret,4.833333333333334,4.6000000000000005,1.0507246376811594,97.99999999999999,Semi-Central
2,283,G43,Ida,5.416666666666667,5.155555555555555,1.0506465517241381,101.0,Central
2,283,G43,Ret,5.416666666666667,5.155555555555555,1.0506465517241381,101.0,Central
11,1116,C16,Ret,6.416666666666667,6.111111111111111,1.05,90.0,Periférica
16,1616,E16,Ida,5.291666666666667,5.044444444444444,1.0490088105726874,90.0,Periférica
3,348,348,Ida,5.291666666666666,5.044444444444444,1.0490088105726871,93.0,Semi-Central
10,1033,F03,Ida,5.291666666666666,5.044444444444444,1.0490088105726871,90.0,Periférica
3,304,B42,Ret,5.166666666666667,4.933333333333334,1.0472972972972974,90.77777777777777,Semi-Central
9,926,F06,Ida,6.791666666666667,6.48888888888889,1.0466609589041096,90.0,Periférica
12,1229,409,Ida,7.833333333333334,7.48888888888889,1.045994065281899,120.0,Central
3,384,I14,Ret,6.041666666666667,5.8,1.0416666666666667,98.0,Semi-Central
9,967,712,Ret,6.25,6.0,1.0416666666666667,90.0,Periférica
13,1329,429,Ida,6.25,6.0,1.0416666666666667,90.0,Periférica
16,1615c,E15c,Ida,6.333333333333333,6.088888888888889,1.0401459854014599,90.0,Periférica
19,1924,224,Ret,6.125,5.888888888888888,1.0400943396226416,90.0,Periférica
3,318,111,Ida,5.75,5.533333333333334,1.039156626506024,98.0,Semi-Central
13,1312,412,Ret,5.75,5.533333333333334,1.039156626506024,150.0,Periférica
10,1037,F07,Ret,5.0,4.822222222222223,1.0368663594470044,60.0,Periférica
9,964,124,Ida,5.75,5.5555555555555545,1.0350000000000001,90.0,Periférica
3,386,I16,Ida,4.708333333333334,4.555555555555556,1.0335365853658536,93.0,Semi-Central
14,1453,D13,Ida,4.708333333333334,4.555555555555556,1.0335365853658536,59.99999999999999,Periférica
14,1453,D13,Ret,4.708333333333334,4.555555555555556,1.0335365853658536,59.99999999999999,Periférica
11,1114,C14,Ret,9.458333333333334,9.155555555555557,1.0330703883495145,150.0,Periférica
3,379,I09,Ida,13.75,13.333333333333334,1.03125,90.0,Semi-Central
3,386,I16,Ret,4.958333333333334,4.822222222222223,1.028225806451613,93.0,Semi-Central
15,1557e,J07e,Ida,3.541666666666667,3.444444444444444,1.028225806451613,90.0,Periférica
4,474,G01,Ida,6.166666666666667,6.0,1.027777777777778,90.99999999999999,Periférica
4,474,G01,Ret,6.166666666666667,6.0,1.027777777777778,90.99999999999999,Periférica
4,482,G32,Ida,6.166666666666667,6.0,1.027777777777778,60.0,Periférica
12,1223,103,Ret,6.041666666666667,5.888888888888889,1.025943396226415,90.0,Central
5,509,509,Ida,5.333333333333333,5.2,1.0256410256410255,92.0,Periférica
9,925,F05,Ret,7.125,6.955555555555556,1.0243610223642172,90.0,Periférica
10,1043,F13,Ret,7.125,6.955555555555556,1.0243610223642172,90.0,Periférica
10,1041,F11,Ida,5.166666666666667,5.044444444444444,1.024229074889868,60.0,Periférica
10,1046,F16,Ida,5.166666666666667,5.044444444444444,1.024229074889868,60.0,Periférica
11,1122,B12,Ret,5.166666666666667,5.044444444444444,1.024229074889868,90.0,Periférica
8,803,B03,Ida,6.666666666666666,6.51111111111111,1.0238907849829353,90.0,Periférica
5,576,426,Ret,8.5,8.311111111111112,1.0227272727272727,81.0,Periférica
11,1137,C37,Ret,5.291666666666666,5.177777777777777,1.0219957081545064,60.0,Periférica
12,1223,103,Ida,5.875,5.7555555555555555,1.0207528957528957,90.0,Central
19,1901,201,Ret,7.083333333333333,6.955555555555556,1.018370607028754,90.0,Periférica
10,1038,F08,Ida,5.0,4.9111111111111105,1.0180995475113124,90.0,Periférica
19,1924,224,Ida,6.125,6.022222222222222,1.0170664206642066,90.0,Periférica
18,1806,206,Ret,7.75,7.622222222222223,1.0167638483965014,90.0,Periférica
4,472,G12,Ida,5.125,5.044444444444444,1.0159691629955947,76.0,Periférica
4,472,G12,Ret,5.125,5.044444444444444,1.0159691629955947,76.0,Periférica
9,945,F25,Ret,5.125,5.044444444444444,1.0159691629955947,90.0,Periférica
10,1031,F01,Ret,5.125,5.044444444444444,1.0159691629955947,90.0,Periférica
11,1122,B12,Ida,5.125,5.044444444444444,1.0159691629955947,90.0,Periférica
5,514,514,Ret,6.208333333333333,6.111111111111111,1.0159090909090909,89.0,Periférica
11,1141,B21,Ret,5.0,4.933333333333334,1.0135135135135134,90.0,Periférica
11,1107,C07,Ida,7.291666666666667,7.2,1.0127314814814814,90.0,Periférica
12,1208,D08,Ida,6.208333333333334,6.133333333333333,1.0122282608695654,90.0,Central
9,926,F06,Ret,6.666666666666666,6.6000000000000005,1.01010101010101,90.0,Periférica
3,382,I12,Ida,4.958333333333333,4.9111111111111105,1.0096153846153846,98.0,Semi-Central
10,1054,F24,Ret,5.0,4.955555555555556,1.0089686098654709,60.0,Periférica
3,377,I07,Ida,4.75,4.711111111111111,1.008254716981132,93.0,Semi-Central
10,1004,104,Ret,10.208333333333332,10.133333333333333,1.0074013157894737,150.00000000000003,Periférica
10,1016,116,Ida,5.125,5.0888888888888895,1.0070960698689955,90.0,Periférica
8,826,B26,Ida,6.041666666666667,6.0,1.0069444444444444,90.0,Periférica
11,1103,C03,Ret,6.041666666666667,6.0,1.0069444444444444,90.0,Periférica
3,324,125,Ida,5.208333333333333,5.177777777777777,1.0059012875536482,98.0,Semi-Central
14,1406,106,Ret,5.916666666666666,5.888888888888889,1.0047169811320753,90.0,Periférica
3,388,I18,Ida,4.708333333333334,4.688888888888889,1.0041469194312798,93.0,Semi-Central
14,1419,419,Ida,5.083333333333333,5.066666666666666,1.0032894736842106,150.0,Periférica
9,918,C18,Ida,6.708333333333333,6.68888888888889,1.0029069767441858,90.0,Periférica
8,818,B18,Ida,4.5,4.48888888888889,1.0024752475247523,90.0,Periférica
3,382,I12,Ret,4.958333333333333,4.955555555555556,1.0005605381165918,98.0,Semi-Central
5,533,J13,Ida,4.958333333333333,4.955555555555556,1.0005605381165918,81.0,Periférica
4,489,I39,Ida,2.0,2.0,1.0,76.0,Periférica
5,588,B38,Ida,2.0,2.0,1.0,81.0,Periférica
9,940,F20,Ida,6.0,6.0,1.0,90.0,Periférica
9,963e,213e,Ida,6.0,6.0,1.0,90.0,Periférica
12,1216,D16,Ida,4.0,4.0,1.0,90.0,Central
12,1216,D16,Ret,4.0,4.0,1.0,90.0,Central
13,1345,B35,Ida,2.0,2.0,1.0,90.0,Periférica
10,1031,F01,Ida,5.041666666666667,5.044444444444444,0.9994493392070486,90.0,Periférica
5,511,511,Ida,5.166666666666666,5.177777777777777,0.9978540772532188,81.0,Periférica
5,511,511,Ret,5.166666666666666,5.177777777777777,0.9978540772532188,81.0,Periférica
5,537,J17,Ida,1.75,1.7555555555555558,0.9968354430379746,47.0,Periférica
5,537,J17,Ret,1.75,1.7555555555555558,0.9968354430379746,47.0,Periférica
5,509,509,Ret,5.375,5.3999999999999995,0.9953703703703705,91.99999999999999,Periférica
3,318,111,Ret,5.5,5.533333333333334,0.9939759036144576,98.0,Semi-Central
13,1312,412,Ida,5.5,5.533333333333334,0.9939759036144576,150.0,Periférica
3,383,I13,Ida,4.875,4.9111111111111105,0.9926470588235295,93.0,Semi-Central
5,510,510,Ret,5.375,5.422222222222222,0.9912909836065575,81.0,Periférica
9,919,B19,Ret,5.0,5.044444444444444,0.9911894273127754,60.0,Periférica
9,922,F02,Ida,5.0,5.044444444444444,0.9911894273127754,60.0,Periférica
9,945,F25,Ida,5.0,5.044444444444444,0.9911894273127754,90.0,Periférica
11,1135,B15,Ida,5.0,5.044444444444444,0.9911894273127754,90.0,Periférica
14,1423,423,Ret,5.125,5.177777777777777,0.9898068669527899,90.0,Periférica
9,925,F05,Ida,6.875,6.955555555555556,0.9884185303514377,90.0,Periférica
19,1927,227,Ida,5.375,5.444444444444444,0.9872448979591838,90.0,Periférica
3,377,I07,Ret,5.0,5.066666666666666,0.986842105263158,93.0,Semi-Central
12,1217v,D17v,Ida,3.0,3.0444444444444443,0.9854014598540146,90.00000000000001,Central
11,1121,B11,Ret,4.75,4.822222222222222,0.9850230414746545,90.0,Periférica
8,812,120,Ret,5.0,5.0888888888888895,0.9825327510917029,90.0,Periférica
3,371,I01,Ret,5.666666666666666,5.777777777777778,0.9807692307692307,93.0,Semi-Central
11,1141,B21,Ida,4.833333333333334,4.933333333333334,0.9797297297297298,90.0,Periférica
11,1105,C05,Ida,5.875,6.0,0.9791666666666666,90.0,Periférica
3,388,I18,Ret,4.833333333333334,4.955555555555556,0.9753363228699552,93.0,Semi-Central
10,1054,F24,Ida,4.833333333333334,4.955555555555556,0.9753363228699552,59.99999999999999,Periférica
10,1046,F16,Ret,4.916666666666666,5.044444444444444,0.9746696035242289,60.0,Periférica
12,1211,D11,Ret,5.833333333333333,6.0,0.9722222222222222,90.0,Central
9,935,F15,Ida,5.0,5.155555555555555,0.9698275862068967,90.0,Periférica
9,902,B02,Ida,4.416666666666667,4.555555555555556,0.9695121951219512,90.0,Periférica
5,542,542,Ida,3.875,4.0,0.96875,81.0,Periférica
18,1832,H12,Ida,3.875,4.0,0.96875,90.0,Periférica
18,1832,H12,Ret,3.875,4.0,0.96875,90.0,Periférica
9,904,B04,Ida,4.666666666666667,4.822222222222223,0.9677419354838709,90.0,Periférica
14,1415,405,Ret,7.125,7.377777777777777,0.965737951807229,150.0,Periférica
3,328,113,Ida,5.0,5.177777777777777,0.9656652360515022,98.0,Semi-Central
3,328,113,Ret,5.0,5.177777777777777,0.9656652360515022,98.0,Semi-Central
5,543,424,Ida,5.0,5.177777777777777,0.9656652360515022,81.0,Periférica
10,1043,F13,Ida,6.708333333333333,6.955555555555556,0.9644568690095846,90.0,Periférica
8,812,120,Ida,5.0,5.222222222222222,0.9574468085106382,90.0,Periférica
11,1121,B11,Ida,4.708333333333334,4.933333333333334,0.954391891891892,90.0,Periférica
9,918,C18,Ret,6.416666666666667,6.733333333333333,0.952970297029703,90.0,Periférica
12,1203,D03,Ret,6.916666666666667,7.266666666666667,0.9518348623853211,90.0,Central
12,1207,D07,Ret,5.708333333333334,6.0,0.951388888888889,90.0,Central
12,1201,D01,Ida,4.458333333333333,4.688888888888889,0.9508293838862558,90.0,Central
5,526,J06,Ida,1.5833333333333333,1.6666666666666667,0.95,47.0,Periférica
3,379,I09,Ret,12.666666666666666,13.377777777777778,0.9468438538205979,90.0,Semi-Central
13,1343,B43,Ida,4.666666666666667,4.933333333333334,0.9459459459459459,90.0,Periférica
8,822,722,Ida,5.666666666666667,6.0,0.9444444444444445,90.0,Periférica
16,1607,207,Ret,7.541666666666666,8.0,0.9427083333333333,150.0,Periférica
9,962,102,Ida,4.875,5.177777777777777,0.9415236051502147,90.0,Periférica
9,940,F20,Ret,5.625,6.0,0.9375,90.0,Periférica
12,1211,D11,Ida,5.625,6.0,0.9375,90.0,Central
19,1927,227,Ret,5.208333333333333,5.555555555555556,0.9374999999999998,90.0,Periférica
12,1218,D18,Ida,6.583333333333334,7.044444444444444,0.9345425867507887,90.0,Central
3,389,I20,Ida,4.833333333333334,5.177777777777777,0.9334763948497856,97.99999999999999,Semi-Central
18,1806,206,Ida,7.0,7.51111111111111,0.9319526627218936,90.0,Periférica
8,832,B32,Ida,2.8333333333333335,3.0444444444444443,0.9306569343065695,89.99999999999999,Periférica
15,1560,J10,Ida,4.5,4.844444444444444,0.9288990825688074,90.0,Periférica
12,1231,411,Ret,5.25,5.666666666666667,0.926470588235294,90.0,Central
14,1423,423,Ida,4.791666666666667,5.177777777777777,0.9254291845493564,90.0,Periférica
19,1904,204,Ret,9.0,9.733333333333333,0.9246575342465754,90.0,Periférica
5,543,424,Ret,4.958333333333334,5.3999999999999995,0.9182098765432101,81.0,Periférica
13,1343,B43,Ret,4.416666666666667,4.844444444444445,0.911697247706422,90.0,Periférica
12,1203,D03,Ida,6.416666666666667,7.044444444444444,0.9108832807570979,90.0,Central
13,1304,404,Ida,5.583333333333333,6.133333333333333,0.9103260869565217,150.0,Periférica
13,1329,429,Ret,5.458333333333333,6.0,0.9097222222222222,90.0,Periférica
16,1607,207,Ida,7.625,8.4,0.9077380952380952,150.0,Periférica
8,825,B25,Ida,3.833333333333333,4.266666666666667,0.8984374999999999,90.00000000000001,Periférica
12,1229,409,Ret,6.0,6.733333333333333,0.8910891089108911,135.0,Central
12,1207,D07,Ida,5.333333333333333,6.0,0.8888888888888888,90.0,Central
12,1205,D05,Ida,6.25,7.044444444444444,0.887223974763407,90.0,Central
5,545,115,Ida,5.458333333333333,6.177777777777777,0.8835431654676259,81.0,Periférica
5,545,115,Ret,5.333333333333333,6.044444444444444,0.8823529411764706,81.0,Periférica
19,1904,204,Ida,8.541666666666666,9.733333333333333,0.877568493150685,90.0,Periférica
9,962,102,Ret,4.25,4.844444444444445,0.8772935779816513,90.0,Periférica
9,963e,213e,Ret,5.25,6.0,0.875,90.0,Periférica
11,1109,C09,Ida,5.25,6.0,0.875,90.0,Periférica
14,1419,419,Ret,4.333333333333333,4.955555555555556,0.8744394618834079,150.0,Periférica
12,1205,D05,Ret,6.125,7.044444444444444,0.8694794952681388,90.0,Central
9,935,F15,Ret,4.375,5.044444444444444,0.8672907488986784,90.0,Periférica
8,836,B36,Ida,5.0,5.777777777777778,0.8653846153846154,90.0,Periférica
12,1217,D17,Ida,5.166666666666666,6.0,0.861111111111111,90.0,Central
9,932,F12,Ida,3.166666666666667,3.7777777777777772,0.8382352941176473,90.0,Periférica
9,932,F12,Ret,3.166666666666667,3.7777777777777772,0.8382352941176473,90.0,Periférica
12,1218,D18,Ret,5.791666666666667,6.911111111111111,0.8380225080385852,90.0,Central
5,542,542,Ret,3.333333333333333,4.0,0.8333333333333333,81.0,Periférica
15,1560,J10,Ret,4.5,5.444444444444444,0.8265306122448981,90.0,Periférica
5,576,426,Ida,7.541666666666666,9.177777777777777,0.8217312348668281,81.0,Periférica
11,1120,C20,Ida,10.25,12.68888888888889,0.8077933450087565,90.0,Periférica
12,1220,D20,Ida,1.3333333333333333,4.0,0.3333333333333333,0.0,Central
2,217e,217e,Ida,2.625,0.0,0.0,92.0,Central
2,217e,217e,Ret,2.625,0.0,0.0,92.0,Central
2,284,G24,Ret,0.0,0.0,0.0,0.0,Central
2,276,G46,Ret,0.0,0.0,0.0,0.0,Central
3,307,307,Ret,0.0,0.0,0.0,0.0,Semi-Central
3,307e,307e,Ida,5.833333333333334,0.0,0.0,90.99999999999999,Semi-Central
3,307e,307e,Ret,5.625,0.0,0.0,90.77777777777777,Semi-Central
3,313e,313e,Ida,4.291666666666666,0.0,0.0,93.0,Semi-Central
3,313e,313e,Ret,5.125,0.0,0.0,93.0,Semi-Central
3,313enc,313enc,Ida,0.7916666666666666,0.0,0.0,93.0,Semi-Central
3,314,314,Ret,0.0,0.0,0.0,0.0,Semi-Central
3,317,I25,Ret,0.0,0.0,0.0,0.0,Semi-Central
3,308c,308c,Ret,0.0,0.0,0.0,0.0,Semi-Central
3,328c,113c,Ida,3.458333333333333,0.0,0.0,98.0,Semi-Central
3,328c,113c,Ret,2.958333333333333,0.0,0.0,98.0,Semi-Central
3,328e,113e,Ida,1.8333333333333333,0.0,0.0,98.0,Semi-Central
3,328e,113e,Ret,3.0,0.0,0.0,0.0,Semi-Central
3,373c,I03c,Ida,2.3333333333333335,0.0,0.0,46.0,Semi-Central
3,373c,I03c,Ret,1.625,0.0,0.0,0.0,Semi-Central
3,374c,I04c,Ida,4.375,0.0,0.0,93.0,Semi-Central
3,374c,I04c,Ret,3.5416666666666665,0.0,0.0,93.0,Semi-Central
3,374e,I04e,Ida,2.0,0.0,0.0,93.0,Semi-Central
3,374e,I04e,Ret,0.0,0.0,0.0,0.0,Semi-Central
3,378c,I08c,Ida,2.5,0.0,0.0,93.0,Semi-Central
3,378c,I08c,Ret,0.0,0.0,0.0,0.0,Semi-Central
3,378N,I08N,Ida,0.0,0.0,0.0,0.0,Semi-Central
3,378N,I08N,Ret,0.0,0.0,0.0,0.0,Semi-Central
3,379c,I09c,Ida,3.4583333333333335,0.0,0.0,90.0,Semi-Central
3,379c,I09c,Ret,2.958333333333333,0.0,0.0,90.0,Semi-Central
3,379e,I09e,Ida,4.458333333333333,0.0,0.0,90.0,Semi-Central
3,379e,I09e,Ret,4.166666666666666,0.0,0.0,90.0,Semi-Central
3,380N,I10N,Ida,0.0,0.0,0.0,0.0,Semi-Central
3,380N,I10N,Ret,0.0,0.0,0.0,0.0,Semi-Central
3,383y,I13,Ida,0.0,0.0,0.0,0.0,Semi-Central
3,383y,I13,Ret,0.0,0.0,0.0,0.0,Semi-Central
3,384N,I14N,Ida,0.0,0.0,0.0,0.0,Semi-Central
3,384N,I14N,Ret,0.0,0.0,0.0,0.0,Semi-Central
3,381N,I11N,Ida,0.0,0.0,0.0,0.0,Semi-Central
3,381N,I11N,Ret,0.0,0.0,0.0,0.0,Semi-Central
3,304c,314c,Ida,6.416666666666666,0.0,0.0,90.27272727272728,Semi-Central
3,304c,314c,Ret,0.0,0.0,0.0,0.0,Semi-Central
4,474c,G01c,Ida,4.333333333333333,0.0,0.0,91.0,Periférica
4,474c,G01c,Ret,4.333333333333333,0.0,0.0,91.0,Periférica
4,469,G09,Ret,0.0,0.0,0.0,0.0,Periférica
4,471,G11,Ret,0.0,0.0,0.0,0.0,Periférica
4,433,233,Ret,0.0,0.0,0.0,0.0,Periférica
4,482,G32,Ret,0.0,0.0,0.0,0.0,Periférica
4,462n,262n,Ida,0.0,0.0,0.0,0.0,Periférica
4,462n,262n,Ret,0.0,0.0,0.0,0.0,Periférica
4,440y,G22,Ida,0.5,0.0,0.0,91.0,Periférica
4,440y,G22,Ret,0.0,0.0,0.0,0.0,Periférica
4,438,G38,Ret,0.0,0.0,0.0,0.0,Periférica
4,470,G35,Ret,0.0,0.0,0.0,0.0,Periférica
4,473c,G13c,Ida,4.166666666666666,0.0,0.0,76.0,Periférica
4,473c,G13c,Ret,0.0,0.0,0.0,0.0,Periférica
4,459,G39,Ret,0.0,0.0,0.0,0.0,Periférica
4,479,G27,Ret,0.0,0.0,0.0,0.0,Periférica
4,434,G34,Ret,0.0,0.0,0.0,0.0,Periférica
4,489,I39,Ret,0.0,0.0,0.0,0.0,Periférica
5,502c,502c,Ida,1.6666666666666665,0.0,0.0,81.0,Periférica
5,502c,502c,Ret,1.75,0.0,0.0,0.0,Periférica
5,502cnc,502cnc,Ida,2.125,0.0,0.0,0.0,Periférica
5,502cnc,502cnc,Ret,2.0,0.0,0.0,81.0,Periférica
5,514c,514c,Ida,2.75,0.0,0.0,0.0,Periférica
5,514c,514c,Ret,1.5,0.0,0.0,92.0,Periférica
5,541N,541N,Ida,0.0,0.0,0.0,0.0,Periférica
5,541N,541N,Ret,0.0,0.0,0.0,0.0,Periférica
5,546e,546e,Ida,1.1666666666666667,0.0,0.0,81.0,Periférica
5,546e,546e,Ret,1.375,0.0,0.0,0.0,Periférica
5,521c,J01c,Ida,1.0,0.0,0.0,0.0,Periférica
5,521c,J01c,Ret,2.0,0.0,0.0,81.0,Periférica
5,523,J03,Ret,0.0,0.0,0.0,0.0,Periférica
5,525,J05,Ret,0.0,0.0,0.0,0.0,Periférica
5,536,J16,Ret,0.0,0.0,0.0,0.0,Periférica
5,540,J20,Ret,0.0,0.0,0.0,0.0,Periférica
5,545c,115c,Ida,3.75,0.0,0.0,81.0,Periférica
5,545c,115c,Ret,0.0,0.0,0.0,0.0,Periférica
5,549c,109N,Ida,0.0,0.0,0.0,0.0,Periférica
5,549c,109N,Ret,0.0,0.0,0.0,0.0,Periférica
5,548e,408e,Ida,3.0,0.0,0.0,87.28571428571428,Periférica
5,548e,408e,Ret,1.875,0.0,0.0,0.0,Periférica
5,548enc,408enc,Ida,1.625,0.0,0.0,0.0,Periférica
5,548enc,408enc,Ret,3.0,0.0,0.0,87.6,Periférica
5,588,B38,Ret,0.0,0.0,0.0,0.0,Periférica
8,803,B03,Ret,0.0,0.0,0.0,0.0,Periférica
8,809,B09,Ret,0.0,0.0,0.0,0.0,Periférica
8,830N,B30N,Ida,0.0,0.0,0.0,0.0,Periférica
8,830N,B30N,Ret,0.0,0.0,0.0,0.0,Periférica
8,805c,105c,Ida,0.0,0.0,0.0,0.0,Periférica
8,805c,105c,Ret,4.5,0.0,0.0,90.0,Periférica
8,841e,410e,Ida,2.333333333333333,0.0,0.0,150.0,Periférica
8,841e,410e,Ret,0.0,0.0,0.0,0.0,Periférica
8,841y,410,Ida,0.8333333333333333,0.0,0.0,90.00000000000001,Periférica
8,841y,410,Ret,0.0,0.0,0.0,0.0,Periférica
8,801,B01,Ret,0.0,0.0,0.0,0.0,Periférica
8,817,B17,Ret,0.0,0.0,0.0,0.0,Periférica
8,820,B20,Ret,0.0,0.0,0.0,0.0,Periférica
8,824,B24,Ret,0.0,0.0,0.0,0.0,Periférica
8,828,B28,Ret,0.0,0.0,0.0,0.0,Periférica
8,829,B29,Ret,0.0,0.0,0.0,0.0,Periférica
8,807,B07,Ret,0.0,0.0,0.0,0.0,Periférica
8,810,B10,Ret,0.0,0.0,0.0,0.0,Periférica
8,813,B13,Ret,0.0,0.0,0.0,0.0,Periférica
8,825,B25,Ret,0.0,0.0,0.0,0.0,Periférica
8,826,B26,Ret,0.0,0.0,0.0,0.0,Periférica
8,832,B32,Ret,0.0,0.0,0.0,0.0,Periférica
8,836,B36,Ret,0.0,0.0,0.0,0.0,Periférica
8,807y,B07,Ida,0.33333333333333326,0.0,0.0,90.00000000000001,Periférica
8,807y,B07,Ret,0.0,0.0,0.0,0.0,Periférica
8,837,B37,Ret,0.0,0.0,0.0,0.0,Periférica
9,902,B02,Ret,0.0,0.0,0.0,0.0,Periférica
9,902N,B02N,Ida,0.0,0.0,0.0,0.0,Periférica
9,902N,B02N,Ret,0.0,0.0,0.0,0.0,Periférica
9,904,B04,Ret,0.0,0.0,0.0,0.0,Periférica
9,919,B19,Ida,0.0,0.0,0.0,0.0,Periférica
9,933,B33,Ret,0.0,0.0,0.0,0.0,Periférica
9,922,F02,Ret,0.0,0.0,0.0,0.0,Periférica
9,923c,F03c,Ret,0.0,0.0,0.0,0.0,Periférica
9,930c,F10c,Ret,0.0,0.0,0.0,0.0,Periférica
9,945e,F25e,Ida,4.708333333333334,0.0,0.0,90.0,Periférica
9,950N,F30N,Ida,0.0,0.0,0.0,0.0,Periférica
9,950N,F30N,Ret,0.0,0.0,0.0,0.0,Periférica
10,1016,116,Ret,0.0,0.0,0.0,0.0,Periférica
10,1022,C02,Ret,0.0,0.0,0.0,0.0,Periférica
10,1024,B14,Ret,0.0,0.0,0.0,0.0,Periférica
10,1031c,F01c,Ida,0.0,0.0,0.0,0.0,Periférica
10,1031c,F01c,Ret,5.666666666666667,0.0,0.0,90.0,Periférica
10,1041,F11,Ret,0.0,0.0,0.0,0.0,Periférica
10,1037,F07,Ida,0.0,0.0,0.0,0.0,Periférica
10,1038,F08,Ret,0.0,0.0,0.0,0.0,Periférica
10,1056,F26,Ret,0.0,0.0,0.0,0.0,Periférica
10,1057,F27,Ret,0.0,0.0,0.0,0.0,Periférica
10,1043c,F13c,Ida,6.0,0.0,0.0,90.0,Periférica
10,1043c,F13c,Ret,0.0,0.0,0.0,0.0,Periférica
10,1057y,F27,Ida,0.25,0.0,0.0,0.0,Periférica
10,1057y,F27,Ret,0.0,0.0,0.0,0.0,Periférica
10,1011c,421c,Ret,0.0,0.0,0.0,0.0,Periférica
11,1111,C11,Ret,0.0,0.0,0.0,0.0,Periférica
11,1115,C15,Ret,0.0,0.0,0.0,0.0,Periférica
11,1120,C20,Ret,0.0,0.0,0.0,0.0,Periférica
11,1131N,B31N,Ida,0.0,0.0,0.0,0.0,Periférica
11,1131N,B31N,Ret,0.0,0.0,0.0,0.0,Periférica
11,1109c,C09c,Ida,6.208333333333333,0.0,0.0,60.0,Periférica
11,1109c,C09c,Ret,0.0,0.0,0.0,0.0,Periférica
11,1127,C27,Ret,0.0,0.0,0.0,0.0,Periférica
11,1137,C37,Ida,0.0,0.0,0.0,0.0,Periférica
11,1103,C03,Ida,0.0,0.0,0.0,0.0,Periférica
11,1103c,C03c,Ida,4.458333333333334,0.0,0.0,90.0,Periférica
11,1103c,C03c,Ret,4.708333333333333,0.0,0.0,90.0,Periférica
11,1109,C09,Ret,0.0,0.0,0.0,0.0,Periférica
11,1113,C13,Ret,0.0,0.0,0.0,0.0,Periférica
11,1135,B15,Ret,0.0,0.0,0.0,0.0,Periférica
11,1137y,C37,Ida,0.0,0.0,0.0,0.0,Periférica
11,1137y,C37,Ret,0.16666666666666666,0.0,0.0,60.0,Periférica
11,1136c,C26c,Ida,3.333333333333333,0.0,0.0,90.0,Periférica
11,1136c,C26c,Ret,0.0,0.0,0.0,0.0,Periférica
12,1217,D17,Ret,0.0,0.0,0.0,0.0,Central
12,1217v,D17v,Ret,0.0,0.0,0.0,0.0,Central
12,1227c,107c,Ida,3.041666666666667,0.0,0.0,90.0,Central
12,1227c,107c,Ret,2.791666666666667,0.0,0.0,90.0,Central
12,1227cy,107c,Ida,0.0,0.0,0.0,0.0,Central
12,1227cy,107c,Ret,1.0,0.0,0.0,90.0,Central
12,1232,420,Ida,4.75,0.0,0.0,90.0,Central
12,1232,420,Ret,0.0,0.0,0.0,0.0,Central
12,1235c,405c,Ida,0.0,0.0,0.0,0.0,Central
12,1235cy,405c,Ida,0.0,0.0,0.0,0.0,Central
12,1235cy,405c,Ret,1.5,0.0,0.0,90.00000000000001,Central
12,1236c,406c,Ret,0.0,0.0,0.0,0.0,Central
12,1237c,117c,Ret,0.0,0.0,0.0,0.0,Central
12,1245c,445c,Ida,3.1666666666666665,0.0,0.0,90.0,Central
12,1201,D01,Ret,0.0,0.0,0.0,0.0,Central
12,1203c,D03c,Ida,2.833333333333333,0.0,0.0,90.0,Central
12,1203c,D03c,Ret,0.0,0.0,0.0,0.0,Central
12,1207c,D07c,Ida,3.3333333333333335,0.0,0.0,90.0,Central
12,1207c,D07c,Ret,0.0,0.0,0.0,0.0,Central
12,1208,D08,Ret,0.0,0.0,0.0,0.0,Central
12,1209,D09,Ret,0.0,0.0,0.0,0.0,Central
12,1215,D15,Ret,0.0,0.0,0.0,0.0,Central
12,1220,D20,Ret,0.0,0.0,0.0,0.0,Central
12,1226,D26,Ret,0.0,0.0,0.0,0.0,Central
13,1302,402,Ret,0.0,0.0,0.0,0.0,Periférica
13,1304,404,Ret,0.0,0.0,0.0,0.0,Periférica
13,1304c,404c,Ida,4.666666666666668,0.0,0.0,89.99999999999999,Periférica
13,1304c,404c,Ret,3.0,0.0,0.0,0.0,Periférica
13,1314e,414e,Ida,2.833333333333333,0.0,0.0,90.0,Periférica
13,1314e,414e,Ret,3.125,0.0,0.0,0.0,Periférica
13,1315e,415e,Ida,3.0,0.0,0.0,90.0,Periférica
13,1315e,415e,Ret,2.375,0.0,0.0,0.0,Periférica
13,1322c,422c,Ida,2.3333333333333335,0.0,0.0,90.0,Periférica
13,1322c,422c,Ret,2.375,0.0,0.0,0.0,Periférica
13,1336,486,Ida,5.208333333333333,0.0,0.0,90.0,Periférica
13,1336,486,Ret,0.0,0.0,0.0,0.0,Periférica
13,1328e,428e,Ida,5.583333333333333,0.0,0.0,90.0,Periférica
13,1328e,428e,Ret,5.875,0.0,0.0,90.0,Periférica
13,1330y,430,Ida,0.6666666666666667,0.0,0.0,149.99999999999997,Periférica
13,1330y,430,Ret,0.0,0.0,0.0,0.0,Periférica
13,1321y,421,Ida,1.5,0.0,0.0,89.99999999999999,Periférica
13,1321y,421,Ret,0.0,0.0,0.0,0.0,Periférica
13,1310ey,C10e,Ida,0.6666666666666666,0.0,0.0,90.0,Periférica
13,1310ey,C10e,Ret,0.5,0.0,0.0,0.0,Periférica
13,1345,B35,Ret,0.0,0.0,0.0,0.0,Periférica
13,1333c,C33c,Ida,3.5,0.0,0.0,89.99999999999999,Periférica
13,1333c,C33c,Ret,0.0,0.0,0.0,0.0,Periférica
14,1417e,417e,Ida,2.0,0.0,0.0,90.0,Periférica
14,1417e,417e,Ret,1.875,0.0,0.0,0.0,Periférica
14,1431c,431c,Ida,2.125,0.0,0.0,90.0,Periférica
14,1431c,431c,Ret,3.625,0.0,0.0,90.0,Periférica
14,1432n,432n,Ida,0.0,0.0,0.0,0.0,Periférica
14,1432n,432n,Ret,0.0,0.0,0.0,0.0,Periférica
14,1456,I26,Ret,0.0,0.0,0.0,0.0,Periférica
14,1466,126,Ret,0.0,0.0,0.0,0.0,Periférica
14,1420c,320c,Ida,2.125,0.0,0.0,90.00000000000001,Periférica
14,1420c,320c,Ret,2.125,0.0,0.0,90.00000000000001,Periférica
15,1552,J02,Ret,0.0,0.0,0.0,0.0,Periférica
15,1557,J07,Ret,0.0,0.0,0.0,0.0,Periférica
15,1557y,J07,Ida,0.0,0.0,0.0,0.0,Periférica
15,1557y,J07,Ret,0.0,0.0,0.0,0.0,Periférica
15,1557e,J07e,Ret,0.0,0.0,0.0,0.0,Periférica
15,1557ey,J07e,Ida,0.0,0.0,0.0,0.0,Periférica
15,1557ey,J07e,Ret,0.0,0.0,0.0,0.0,Periférica
15,1568c,J18c,Ida,1.8333333333333333,0.0,0.0,90.0,Periférica
15,1568c,J18c,Ret,2.5,0.0,0.0,0.0,Periférica
15,1506e,506e,Ida,4.458333333333333,0.0,0.0,90.0,Periférica
15,1505c,505c,Ida,1.3333333333333333,0.0,0.0,90.0,Periférica
15,1505c,505c,Ret,0.0,0.0,0.0,0.0,Periférica
16,1612,E12,Ret,0.0,0.0,0.0,0.0,Periférica
16,1617c,J07c,Ida,2.333333333333333,0.0,0.0,90.0,Periférica
16,1617c,J07c,Ret,0.0,0.0,0.0,0.0,Periférica
16,1607e,207e,Ida,5.041666666666666,0.0,0.0,150.0,Periférica
16,1607e,207e,Ret,5.708333333333333,0.0,0.0,150.0,Periférica
16,1607c,207c,Ida,5.916666666666668,0.0,0.0,89.99999999999997,Periférica
16,1607c,207c,Ret,0.0,0.0,0.0,0.0,Periférica
16,1609c,209c,Ida,5.583333333333333,0.0,0.0,90.0,Periférica
16,1609c,209c,Ret,0.0,0.0,0.0,0.0,Periférica
16,1645c,225c,Ida,4.208333333333333,0.0,0.0,90.0,Periférica
16,1645c,225c,Ret,0.0,0.0,0.0,0.0,Periférica
16,1602n,302n,Ida,0.0,0.0,0.0,0.0,Periférica
16,1602n,302n,Ret,0.0,0.0,0.0,0.0,Periférica
16,1628,G28,Ret,0.0,0.0,0.0,0.0,Periférica
18,1803c,203c,Ret,0.0,0.0,0.0,0.0,Periférica
18,1803e,203e,Ida,8.166666666666666,0.0,0.0,90.0,Periférica
18,1803e,203e,Ret,8.458333333333334,0.0,0.0,90.0,Periférica
18,1803n,203n,Ida,0.0,0.0,0.0,0.0,Periférica
18,1803n,203n,Ret,0.0,0.0,0.0,0.0,Periférica
18,1806c,206c,Ida,4.708333333333334,0.0,0.0,150.0,Periférica
18,1806c,206c,Ret,4.708333333333333,0.0,0.0,150.0,Periférica
18,1808,208,Ret,0.0,0.0,0.0,0.0,Periférica
18,1808c,208c,Ret,0.0,0.0,0.0,0.0,Periférica
18,1816y,216,Ida,0.6666666666666666,0.0,0.0,90.0,Periférica
18,1816y,216,Ret,0.375,0.0,0.0,0.0,Periférica
18,1819e,219e,Ida,5.208333333333333,0.0,0.0,90.0,Periférica
18,1819e,219e,Ret,4.708333333333333,0.0,0.0,90.0,Periférica
18,1819ey,219e,Ida,0.0,0.0,0.0,0.0,Periférica
18,1819ey,219e,Ret,0.25,0.0,0.0,0.0,Periférica
18,1844,244,Ret,0.0,0.0,0.0,0.0,Periférica
18,1831,G31,Ida,4.916666666666667,0.0,0.0,90.0,Periférica
18,1831,G31,Ret,4.916666666666667,0.0,0.0,90.0,Periférica
18,1833,H13,Ret,0.0,0.0,0.0,0.0,Periférica
18,1846n,346n,Ida,0.0,0.0,0.0,0.0,Periférica
18,1846n,346n,Ret,0.0,0.0,0.0,0.0,Periférica
19,1930,230,Ret,0.0,0.0,0.0,0.0,Periférica
19,1964n,264n,Ida,0.0,0.0,0.0,0.0,Periférica
19,1964n,264n,Ret,0.0,0.0,0.0,0.0,Periférica
19,1972,272,Ret,0.0,0.0,0.0,0.0,Periférica
19,1904n,204n,Ida,0.0,0.0,0.0,0.0,Periférica
19,1904n,204n,Ret,0.0,0.0,0.0,0.0,Periférica
19,1910e,210e,Ida,2.5416666666666665,0.0,0.0,150.0,Periférica
19,1910e,210e,Ret,2.291666666666667,0.0,0.0,150.0,Periférica
19,1941,B41,Ret,0.0,0.0,0.0,0.0,Periférica
19,1945,245,Ret,0.0,0.0,0.0,0.0,Periférica
